Run;Datensatzgroeße;Filter;SpeicherBytes;SpeicherProElement;Einfuegezeit;Konstruktionszeit;positiveLookups;negativeLookups;Loeschzeit;FPR
1;1000000;Xor8;1.23003e+06;9.84026;140.94;1.4094e+08;8.1408;7.55409;0;0.4005
1;1000000;Cuckoo12-2^n;3.14573e+06;25.1658;28.5615;2.85615e+07;11.5906;12.6463;28.8028;0.0963
1;1000000;Bloom12-addAll;1.5e+06;12;36.7352;3.67352e+07;14.2248;29.6747;0;0.3292
1;1000000;CountingBloom10-addAll;5e+06;40;33.2537;3.32537e+07;28.7315;38.194;43.8659;0.8293
2;1000000;Xor8;1.23003e+06;9.84026;124.089;1.24089e+08;7.91978;7.68884;0;0.385
2;1000000;Cuckoo12-2^n;3.14573e+06;25.1658;26.8531;2.68531e+07;12.668;15.0477;27.0559;0.0995
2;1000000;Bloom12-addAll;1.5e+06;12;36.4688;3.64688e+07;13.744;29.5663;0;0.3136
2;1000000;CountingBloom10-addAll;5e+06;40;32.916;3.2916e+07;29.3384;36.3567;42.7674;0.8337
3;1000000;Xor8;1.23003e+06;9.84026;133.121;1.33121e+08;8.28437;7.55376;0;0.3965
3;1000000;Cuckoo12-2^n;3.14573e+06;25.1658;31.6027;3.16027e+07;11.5138;12.5205;27.8852;0.0901
3;1000000;Bloom12-addAll;1.5e+06;12;36.5392;3.65392e+07;14.2972;29.6536;0;0.3215
3;1000000;CountingBloom10-addAll;5e+06;40;32.2024;3.22024e+07;36.0172;38.786;44.6755;0.8138
